[{"model": "contenttypes.contenttype", "pk": 1, "fields": {"app_label": "admin", "model": "logentry"}}, {"model": "contenttypes.contenttype", "pk": 2, "fields": {"app_label": "auth", "model": "permission"}}, {"model": "contenttypes.contenttype", "pk": 3, "fields": {"app_label": "auth", "model": "group"}}, {"model": "contenttypes.contenttype", "pk": 4, "fields": {"app_label": "auth", "model": "user"}}, {"model": "contenttypes.contenttype", "pk": 5, "fields": {"app_label": "contenttypes", "model": "contenttype"}}, {"model": "contenttypes.contenttype", "pk": 6, "fields": {"app_label": "sessions", "model": "session"}}, {"model": "contenttypes.contenttype", "pk": 7, "fields": {"app_label": "journal", "model": "action"}}, {"model": "contenttypes.contenttype", "pk": 8, "fields": {"app_label": "journal", "model": "actionpopular"}}, {"model": "contenttypes.contenttype", "pk": 9, "fields": {"app_label": "journal", "model": "actiontemplate"}}, {"model": "contenttypes.contenttype", "pk": 10, "fields": {"app_label": "journal", "model": "car"}}, {"model": "contenttypes.contenttype", "pk": 11, "fields": {"app_label": "journal", "model": "owner"}}, {"model": "contenttypes.contenttype", "pk": 12, "fields": {"app_label": "journal", "model": "milage"}}, {"model": "sessions.session", "pk": "lxnojfw74x516qnjay8axbbsfbhfvtmb", "fields": {"session_data": "M2JiOTAzM2MzYmM5ZjdlNzkyN2Y2MjAzOWQ4YmYzNTMxNmQ2YjUwNzp7Il9hdXRoX3VzZXJfaWQiOiIxIiwiX2F1dGhfdXNlcl9iYWNrZW5kIjoiZGphbmdvLmNvbnRyaWIuYXV0aC5iYWNrZW5kcy5Nb2RlbEJhY2tlbmQiLCJfYXV0aF91c2VyX2hhc2giOiIwNWM3NGY3ZWJhOWY3OTE4ZjVlYzEyOGRhYzZjYWI5YjAzYzYwYmVmIn0=", "expire_date": "2018-05-25T12:20:16.358Z"}}, {"model": "sessions.session", "pk": "mr79sa5qt1gs6p9elmss91dz9wqwsjnu", "fields": {"session_data": "M2JiOTAzM2MzYmM5ZjdlNzkyN2Y2MjAzOWQ4YmYzNTMxNmQ2YjUwNzp7Il9hdXRoX3VzZXJfaWQiOiIxIiwiX2F1dGhfdXNlcl9iYWNrZW5kIjoiZGphbmdvLmNvbnRyaWIuYXV0aC5iYWNrZW5kcy5Nb2RlbEJhY2tlbmQiLCJfYXV0aF91c2VyX2hhc2giOiIwNWM3NGY3ZWJhOWY3OTE4ZjVlYzEyOGRhYzZjYWI5YjAzYzYwYmVmIn0=", "expire_date": "2018-06-11T13:50:51.288Z"}}, {"model": "sessions.session", "pk": "nwovncedyq8u1mtanzjiqpad4cif5c3t", "fields": {"session_data": "M2JiOTAzM2MzYmM5ZjdlNzkyN2Y2MjAzOWQ4YmYzNTMxNmQ2YjUwNzp7Il9hdXRoX3VzZXJfaWQiOiIxIiwiX2F1dGhfdXNlcl9iYWNrZW5kIjoiZGphbmdvLmNvbnRyaWIuYXV0aC5iYWNrZW5kcy5Nb2RlbEJhY2tlbmQiLCJfYXV0aF91c2VyX2hhc2giOiIwNWM3NGY3ZWJhOWY3OTE4ZjVlYzEyOGRhYzZjYWI5YjAzYzYwYmVmIn0=", "expire_date": "2018-05-08T12:33:11.781Z"}}, {"model": "journal.milage", "pk": 2, "fields": {"car": 1, "milage": "100000", "date": "2018-02-01T09:06:14Z"}}, {"model": "journal.milage", "pk": 3, "fields": {"car": 1, "milage": "138000", "date": "2016-12-09T13:10:50Z"}}, {"model": "journal.milage", "pk": 4, "fields": {"car": 1, "milage": "140000", "date": "2016-12-09T13:15:32Z"}}, {"model": "journal.milage", "pk": 5, "fields": {"car": 1, "milage": "144000", "date": "2017-04-21T13:21:06Z"}}, {"model": "journal.milage", "pk": 6, "fields": {"car": 1, "milage": "152000", "date": "2017-09-15T13:25:02Z"}}, {"model": "journal.milage", "pk": 7, "fields": {"car": 1, "milage": "157000", "date": "2018-02-02T13:27:36Z"}}, {"model": "journal.milage", "pk": 8, "fields": {"car": 1, "milage": "161800", "date": "2018-05-21T13:40:21Z"}}, {"model": "journal.milage", "pk": 9, "fields": {"car": 1, "milage": "120000", "date": "2014-12-10T11:11:37Z"}}, {"model": "journal.actionpopular", "pk": 1, "fields": {"title": "Wymiana oleju silnikowego", "desc": "Wymiana oleju silnikowego oraz filtra oleju"}}, {"model": "journal.actionpopular", "pk": 2, "fields": {"title": "Wymiana nap\u0119du rozrz\u0105du", "desc": "Wymiana nap\u0119du rozrz\u0105du"}}, {"model": "journal.actionpopular", "pk": 3, "fields": {"title": "Wymiana \u015bwiec zap\u0142onowych", "desc": "Wymiana \u015bwiec zap\u0142onowych"}}, {"model": "journal.actionpopular", "pk": 4, "fields": {"title": "Przegl\u0105d techniczny pojazdu", "desc": "Data ko\u0144ca przegl\u0105du"}}, {"model": "journal.actionpopular", "pk": 5, "fields": {"title": "Ubezpieczenie pojazdu", "desc": "Data ko\u0144ca ubezpieczenia"}}, {"model": "journal.actionpopular", "pk": 6, "fields": {"title": "Wymiana filtra paliwa", "desc": "-"}}, {"model": "journal.actionpopular", "pk": 7, "fields": {"title": "Wymiana oleju skrzyni manualnej", "desc": "-"}}, {"model": "journal.actionpopular", "pk": 8, "fields": {"title": "Wymiana p\u0142ynu hamulcowego", "desc": "-"}}, {"model": "journal.actionpopular", "pk": 9, "fields": {"title": "Wymiana p\u0142ynu w tylnym mechanizmie r\u00f3\u017cnicowym", "desc": "-"}}, {"model": "journal.actionpopular", "pk": 10, "fields": {"title": "Wymiana paska klinowego", "desc": "weryfikacja pompy wody i napinacza"}}, {"model": "journal.actionpopular", "pk": 11, "fields": {"title": "Wymiana p\u0142ynu ch\u0142odniczego", "desc": "-"}}, {"model": "journal.actiontemplate", "pk": 1, "fields": {"car": 1, "action_popular": 1, "title": null, "desc": null, "action_milage_period": "15000", "action_days_period": "365", "action_end_date": null, "product": "syntetyczny, 0W20, 5W30 A1/B1, A3.B3 lub A5/B5", "product_quantity": "z filtrem: 3,7L, bez filtra: 3,5L, Pojemno\u015b\u0107 uk\u0142adu: 4,5L"}}, {"model": "journal.actiontemplate", "pk": 2, "fields": {"car": 1, "action_popular": 3, "title": null, "desc": "\u015bwiece irydowe", "action_milage_period": "100000", "action_days_period": null, "action_end_date": null, "product": "NGK IZFR6K-11S lub DENSO SKJ20DR-M11S", "product_quantity": "4 sztuki"}}, {"model": "journal.actiontemplate", "pk": 3, "fields": {"car": 1, "action_popular": null, "title": "Naprawa mechaniczna", "desc": null, "action_milage_period": null, "action_days_period": null, "action_end_date": null, "product": null, "product_quantity": null}}, {"model": "journal.actiontemplate", "pk": 4, "fields": {"car": 1, "action_popular": 6, "title": null, "desc": null, "action_milage_period": "120000", "action_days_period": null, "action_end_date": null, "product": null, "product_quantity": null}}, {"model": "journal.actiontemplate", "pk": 5, "fields": {"car": 1, "action_popular": 7, "title": null, "desc": "Normalne warunki: co 120kkm, trudne: 60kkm", "action_milage_period": "90000", "action_days_period": null, "action_end_date": null, "product": "Honda MTF-3", "product_quantity": "Zmiana: 2,2L, Pojemno\u015b\u0107 uk\u0142adu: 2,5L"}}, {"model": "journal.actiontemplate", "pk": 6, "fields": {"car": 1, "action_popular": 8, "title": null, "desc": null, "action_milage_period": "60000", "action_days_period": "1095", "action_end_date": null, "product": null, "product_quantity": null}}, {"model": "journal.actiontemplate", "pk": 7, "fields": {"car": 1, "action_popular": 9, "title": null, "desc": "normalnie co 60kkm, jednka w polskich warunkach zalecane co 40kkm", "action_milage_period": "60000", "action_days_period": "1095", "action_end_date": null, "product": "Honda Dual Pump Fluid II", "product_quantity": "Zmiana 1,2L, Pojemno\u015bc uk\u0142adu: 1,4L"}}, {"model": "journal.actiontemplate", "pk": 8, "fields": {"car": 1, "action_popular": 10, "title": null, "desc": null, "action_milage_period": "120000", "action_days_period": null, "action_end_date": null, "product": null, "product_quantity": null}}, {"model": "journal.actiontemplate", "pk": 9, "fields": {"car": 1, "action_popular": null, "title": "Regulacja luzu zaworowego", "desc": null, "action_milage_period": "40000", "action_days_period": null, "action_end_date": null, "product": null, "product_quantity": null}}, {"model": "journal.actiontemplate", "pk": 10, "fields": {"car": 1, "action_popular": 5, "title": null, "desc": null, "action_milage_period": null, "action_days_period": null, "action_end_date": "2018-12-05T00:00:00Z", "product": null, "product_quantity": null}}, {"model": "journal.actiontemplate", "pk": 11, "fields": {"car": 1, "action_popular": 4, "title": null, "desc": null, "action_milage_period": null, "action_days_period": null, "action_end_date": "2018-12-06T00:00:00Z", "product": null, "product_quantity": null}}, {"model": "journal.actiontemplate", "pk": 12, "fields": {"car": 1, "action_popular": 11, "title": null, "desc": "pierwsza po 200kkm lub 10 lat, potem co 100kkm lub 5lat", "action_milage_period": "100000", "action_days_period": "1825", "action_end_date": null, "product": null, "product_quantity": "Zmiana 6,2L, Pojemno\u015b\u0107 uk\u0142adu: 7,5L"}}, {"model": "journal.action", "pk": 3, "fields": {"ActionTemplate": 1, "milage": 3, "date": "2016-12-09T13:11:17Z", "comment": "filtr oleju, filtr powietrza, filtr py\u0142kowy", "cost": "450.00", "product": "Castrol 5W30"}}, {"model": "journal.action", "pk": 4, "fields": {"ActionTemplate": 3, "milage": 4, "date": "2016-12-09T13:15:42Z", "comment": "Wymiana: amortyzator\u00f3w z przodu, gniazda, os\u0142ony", "cost": "1700.00", "product": "Kayaba"}}, {"model": "journal.action", "pk": 5, "fields": {"ActionTemplate": 3, "milage": 5, "date": "2017-04-21T13:21:30Z", "comment": "Wymiana: amortyzator\u00f3w z ty\u0142u oraz spr\u0119\u017cyn", "cost": "900.00", "product": "Kayaba"}}, {"model": "journal.action", "pk": 6, "fields": {"ActionTemplate": 1, "milage": 6, "date": "2017-09-15T13:25:09Z", "comment": "p\u0142ukanka silnika, filtr powietrza, filtr oleju", "cost": "303.00", "product": "Neste City 0W20"}}, {"model": "journal.action", "pk": 7, "fields": {"ActionTemplate": 3, "milage": 6, "date": "2017-10-02T13:26:35Z", "comment": "Wymiana: \u0142o\u017cysko kolumny x2, poduszka kolumny x2, \u0142\u0105cznik stabilizatora x2", "cost": "835.00", "product": null}}, {"model": "journal.action", "pk": 8, "fields": {"ActionTemplate": 3, "milage": 7, "date": "2018-02-02T13:27:46Z", "comment": "Wymiana sprz\u0119g\u0142a i tuleji wa\u0142u korbowego.", "cost": "1256.00", "product": "F.C.C"}}, {"model": "journal.action", "pk": 9, "fields": {"ActionTemplate": 3, "milage": 6, "date": "2017-10-10T13:29:09Z", "comment": "Regeneracja maglownicy uk\u0142adu kierowniczego", "cost": "2400.00", "product": null}}, {"model": "journal.action", "pk": 10, "fields": {"ActionTemplate": 4, "milage": 9, "date": "2014-12-10T11:11:52Z", "comment": "-", "cost": null, "product": null}}, {"model": "journal.action", "pk": 11, "fields": {"ActionTemplate": 5, "milage": 9, "date": "2014-12-10T11:12:24Z", "comment": "-", "cost": null, "product": "Gearolie Ultra MTF-3"}}, {"model": "journal.action", "pk": 12, "fields": {"ActionTemplate": 6, "milage": 9, "date": "2014-12-10T11:13:27Z", "comment": "-", "cost": null, "product": "DOT4"}}, {"model": "journal.action", "pk": 13, "fields": {"ActionTemplate": 7, "milage": 9, "date": "2014-12-10T11:13:47Z", "comment": "-", "cost": null, "product": "Honda CR-V S-F"}}, {"model": "journal.action", "pk": 14, "fields": {"ActionTemplate": 2, "milage": 9, "date": "2014-12-10T11:14:46Z", "comment": "-", "cost": null, "product": null}}, {"model": "journal.action", "pk": 15, "fields": {"ActionTemplate": 9, "milage": 9, "date": "2014-12-10T11:16:12Z", "comment": "-", "cost": null, "product": null}}, {"model": "journal.action", "pk": 16, "fields": {"ActionTemplate": 1, "milage": 9, "date": "2014-12-10T11:17:23Z", "comment": "-", "cost": null, "product": "5W40 Quartz 9000 Total"}}, {"model": "journal.action", "pk": 17, "fields": {"ActionTemplate": 6, "milage": 5, "date": "2017-04-01T11:19:28Z", "comment": "Wymiana tarcz i klock\u00f3w prz\u00f3d+ty\u0142", "cost": "2000.00", "product": "TRW"}}, {"model": "auth.permission", "pk": 1, "fields": {"name": "Can add log entry", "content_type": 1, "codename": "add_logentry"}}, {"model": "auth.permission", "pk": 2, "fields": {"name": "Can change log entry", "content_type": 1, "codename": "change_logentry"}}, {"model": "auth.permission", "pk": 3, "fields": {"name": "Can delete log entry", "content_type": 1, "codename": "delete_logentry"}}, {"model": "auth.permission", "pk": 4, "fields": {"name": "Can add permission", "content_type": 2, "codename": "add_permission"}}, {"model": "auth.permission", "pk": 5, "fields": {"name": "Can change permission", "content_type": 2, "codename": "change_permission"}}, {"model": "auth.permission", "pk": 6, "fields": {"name": "Can delete permission", "content_type": 2, "codename": "delete_permission"}}, {"model": "auth.permission", "pk": 7, "fields": {"name": "Can add group", "content_type": 3, "codename": "add_group"}}, {"model": "auth.permission", "pk": 8, "fields": {"name": "Can change group", "content_type": 3, "codename": "change_group"}}, {"model": "auth.permission", "pk": 9, "fields": {"name": "Can delete group", "content_type": 3, "codename": "delete_group"}}, {"model": "auth.permission", "pk": 10, "fields": {"name": "Can add user", "content_type": 4, "codename": "add_user"}}, {"model": "auth.permission", "pk": 11, "fields": {"name": "Can change user", "content_type": 4, "codename": "change_user"}}, {"model": "auth.permission", "pk": 12, "fields": {"name": "Can delete user", "content_type": 4, "codename": "delete_user"}}, {"model": "auth.permission", "pk": 13, "fields": {"name": "Can add content type", "content_type": 5, "codename": "add_contenttype"}}, {"model": "auth.permission", "pk": 14, "fields": {"name": "Can change content type", "content_type": 5, "codename": "change_contenttype"}}, {"model": "auth.permission", "pk": 15, "fields": {"name": "Can delete content type", "content_type": 5, "codename": "delete_contenttype"}}, {"model": "auth.permission", "pk": 16, "fields": {"name": "Can add session", "content_type": 6, "codename": "add_session"}}, {"model": "auth.permission", "pk": 17, "fields": {"name": "Can change session", "content_type": 6, "codename": "change_session"}}, {"model": "auth.permission", "pk": 18, "fields": {"name": "Can delete session", "content_type": 6, "codename": "delete_session"}}, {"model": "auth.permission", "pk": 19, "fields": {"name": "Can add action", "content_type": 7, "codename": "add_action"}}, {"model": "auth.permission", "pk": 20, "fields": {"name": "Can change action", "content_type": 7, "codename": "change_action"}}, {"model": "auth.permission", "pk": 21, "fields": {"name": "Can delete action", "content_type": 7, "codename": "delete_action"}}, {"model": "auth.permission", "pk": 22, "fields": {"name": "Can add action popular", "content_type": 8, "codename": "add_actionpopular"}}, {"model": "auth.permission", "pk": 23, "fields": {"name": "Can change action popular", "content_type": 8, "codename": "change_actionpopular"}}, {"model": "auth.permission", "pk": 24, "fields": {"name": "Can delete action popular", "content_type": 8, "codename": "delete_actionpopular"}}, {"model": "auth.permission", "pk": 25, "fields": {"name": "Can add action template", "content_type": 9, "codename": "add_actiontemplate"}}, {"model": "auth.permission", "pk": 26, "fields": {"name": "Can change action template", "content_type": 9, "codename": "change_actiontemplate"}}, {"model": "auth.permission", "pk": 27, "fields": {"name": "Can delete action template", "content_type": 9, "codename": "delete_actiontemplate"}}, {"model": "auth.permission", "pk": 28, "fields": {"name": "Can add car", "content_type": 10, "codename": "add_car"}}, {"model": "auth.permission", "pk": 29, "fields": {"name": "Can change car", "content_type": 10, "codename": "change_car"}}, {"model": "auth.permission", "pk": 30, "fields": {"name": "Can delete car", "content_type": 10, "codename": "delete_car"}}, {"model": "auth.permission", "pk": 31, "fields": {"name": "Can add car owner", "content_type": 11, "codename": "add_carowner"}}, {"model": "auth.permission", "pk": 32, "fields": {"name": "Can change car owner", "content_type": 11, "codename": "change_carowner"}}, {"model": "auth.permission", "pk": 33, "fields": {"name": "Can delete car owner", "content_type": 11, "codename": "delete_carowner"}}, {"model": "auth.permission", "pk": 34, "fields": {"name": "Can add milage", "content_type": 12, "codename": "add_milage"}}, {"model": "auth.permission", "pk": 35, "fields": {"name": "Can change milage", "content_type": 12, "codename": "change_milage"}}, {"model": "auth.permission", "pk": 36, "fields": {"name": "Can delete milage", "content_type": 12, "codename": "delete_milage"}}, {"model": "auth.permission", "pk": 37, "fields": {"name": "Can add owner", "content_type": 11, "codename": "add_owner"}}, {"model": "auth.permission", "pk": 38, "fields": {"name": "Can change owner", "content_type": 11, "codename": "change_owner"}}, {"model": "auth.permission", "pk": 39, "fields": {"name": "Can delete owner", "content_type": 11, "codename": "delete_owner"}}, {"model": "auth.user", "pk": 1, "fields": {"password": "pbkdf2_sha256$100000$rJNWJUfgEMzT$cE+/QDBHBhy6gqV8/8jsM7ubOLIVKOXB5Eo06tToxPw=", "last_login": "2018-05-28T13:50:51.234Z", "is_superuser": true, "username": "admin", "first_name": "", "last_name": "", "email": "ad@ad.pl", "is_staff": true, "is_active": true, "date_joined": "2018-04-24T12:31:12.031Z", "groups": [], "user_permissions": []}}, {"model": "auth.user", "pk": 2, "fields": {"password": "apVcrqt5", "last_login": null, "is_superuser": false, "username": "Bartosz_Dempc", "first_name": "Bartosz Dempc", "last_name": "", "email": "", "is_staff": false, "is_active": true, "date_joined": "2018-05-28T15:52:50Z", "groups": [], "user_permissions": []}}, {"model": "journal.owner", "pk": 2, "fields": {"phone_tel": null, "SlackCon": null, "FBCon": null, "groups": [], "user_permissions": []}}, {"model": "journal.car", "pk": 1, "fields": {"manufacturer": "Honda", "pic": "CRV_III_2007_1.jpg", "reg_no": "GD 376MF", "model": "CR-V", "prod_year": "2007", "engine_model": "R20", "VIN": "SHSRE57707U021250", "fuel": "gasoline", "power": "150", "torque": "192", "engine_capacity": "1997", "owner": []}}, {"model": "journal.car", "pk": 2, "fields": {"manufacturer": "Toyota", "pic": "Toyota_Rav4_III.png", "reg_no": "GWE333", "model": "Rav4", "prod_year": "2006", "engine_model": null, "VIN": null, "fuel": "diesel", "power": null, "torque": null, "engine_capacity": "2200", "owner": []}}, {"model": "journal.car", "pk": 3, "fields": {"manufacturer": "Honda", "pic": "Honda_Civic_EJ9.png", "reg_no": "GD497PL", "model": "Civic", "prod_year": "1999", "engine_model": null, "VIN": null, "fuel": "gasoline", "power": null, "torque": null, "engine_capacity": "1396", "owner": []}}, {"model": "admin.logentry", "pk": 1, "fields": {"action_time": "2018-04-24T12:35:04.300Z", "user": 1, "content_type": 11, "object_id": "1", "object_repr": "Dempc Bartosz (None)", "action_flag": 1, "change_message": "[{\"added\": {}}]"}}, {"model": "admin.logentry", "pk": 2, "fields": {"action_time": "2018-04-24T12:35:29.449Z", "user": 1, "content_type": 10, "object_id": "1", "object_repr": "Honda CR-V 2.0", "action_flag": 1, "change_message": "[{\"added\": {}}]"}}, {"model": "admin.logentry", "pk": 3, "fields": {"action_time": "2018-04-24T12:35:45.007Z", "user": 1, "content_type": 10, "object_id": "2", "object_repr": "Toyota Rav4 2.2", "action_flag": 1, "change_message": "[{\"added\": {}}]"}}, {"model": "admin.logentry", "pk": 4, "fields": {"action_time": "2018-04-24T12:36:05.800Z", "user": 1, "content_type": 10, "object_id": "3", "object_repr": "Honda Civic 1.4", "action_flag": 1, "change_message": "[{\"added\": {}}]"}}, {"model": "admin.logentry", "pk": 5, "fields": {"action_time": "2018-04-24T12:37:30.684Z", "user": 1, "content_type": 8, "object_id": "1", "object_repr": "Wymiana oleju silnikowego", "action_flag": 1, "change_message": "[{\"added\": {}}]"}}, {"model": "admin.logentry", "pk": 6, "fields": {"action_time": "2018-04-24T12:37:43.541Z", "user": 1, "content_type": 8, "object_id": "2", "object_repr": "Wymiana nap\u0119du rozrz\u0105du", "action_flag": 1, "change_message": "[{\"added\": {}}]"}}, {"model": "admin.logentry", "pk": 7, "fields": {"action_time": "2018-04-24T12:39:22.855Z", "user": 1, "content_type": 9, "object_id": "1", "object_repr": "Wymiana oleju silnikowego", "action_flag": 1, "change_message": "[{\"added\": {}}]"}}, {"model": "admin.logentry", "pk": 8, "fields": {"action_time": "2018-04-24T12:40:00.146Z", "user": 1, "content_type": 7, "object_id": "1", "object_repr": "Wymiana oleju silnikowego", "action_flag": 1, "change_message": "[{\"added\": {}}]"}}, {"model": "admin.logentry", "pk": 9, "fields": {"action_time": "2018-05-04T09:03:03.973Z", "user": 1, "content_type": 12, "object_id": "1", "object_repr": "150000", "action_flag": 1, "change_message": "[{\"added\": {}}]"}}, {"model": "admin.logentry", "pk": 10, "fields": {"action_time": "2018-05-04T09:06:15.660Z", "user": 1, "content_type": 12, "object_id": "2", "object_repr": "1000000", "action_flag": 1, "change_message": "[{\"added\": {}}]"}}, {"model": "admin.logentry", "pk": 11, "fields": {"action_time": "2018-05-04T09:06:33.646Z", "user": 1, "content_type": 12, "object_id": "2", "object_repr": "100000", "action_flag": 2, "change_message": "[{\"changed\": {\"fields\": [\"milage\"]}}]"}}, {"model": "admin.logentry", "pk": 12, "fields": {"action_time": "2018-05-11T12:22:23.921Z", "user": 1, "content_type": 8, "object_id": "3", "object_repr": "Wymiana \u015bwiec zap\u0142onowych", "action_flag": 1, "change_message": "[{\"added\": {}}]"}}, {"model": "admin.logentry", "pk": 13, "fields": {"action_time": "2018-05-11T12:23:25.715Z", "user": 1, "content_type": 9, "object_id": "2", "object_repr": "Honda CR-V 2.0 Wymiana \u015bwiec zap\u0142onowych", "action_flag": 1, "change_message": "[{\"added\": {}}]"}}, {"model": "admin.logentry", "pk": 14, "fields": {"action_time": "2018-05-11T12:25:19.020Z", "user": 1, "content_type": 7, "object_id": "2", "object_repr": "Honda CR-V 2.0 Wymiana \u015bwiec zap\u0142onowych", "action_flag": 1, "change_message": "[{\"added\": {}}]"}}, {"model": "admin.logentry", "pk": 15, "fields": {"action_time": "2018-05-14T12:34:24.080Z", "user": 1, "content_type": 9, "object_id": "2", "object_repr": "Honda CR-V 2.0 Wymiana \u015bwiec zap\u0142onowych", "action_flag": 2, "change_message": "[{\"changed\": {\"fields\": [\"title\", \"desc\"]}}]"}}, {"model": "admin.logentry", "pk": 16, "fields": {"action_time": "2018-05-14T12:34:29.153Z", "user": 1, "content_type": 9, "object_id": "1", "object_repr": "Honda CR-V 2.0 Wymiana oleju silnikowego", "action_flag": 2, "change_message": "[{\"changed\": {\"fields\": [\"title\", \"desc\"]}}]"}}, {"model": "admin.logentry", "pk": 17, "fields": {"action_time": "2018-05-21T13:07:12.388Z", "user": 1, "content_type": 8, "object_id": "4", "object_repr": "Przegl\u0105d techniczny pojazdu", "action_flag": 1, "change_message": "[{\"added\": {}}]"}}, {"model": "admin.logentry", "pk": 18, "fields": {"action_time": "2018-05-21T13:07:27.474Z", "user": 1, "content_type": 8, "object_id": "5", "object_repr": "Ubezpieczenie pojazdu", "action_flag": 1, "change_message": "[{\"added\": {}}]"}}, {"model": "admin.logentry", "pk": 19, "fields": {"action_time": "2018-05-21T13:10:54.840Z", "user": 1, "content_type": 12, "object_id": "3", "object_repr": "138000", "action_flag": 1, "change_message": "[{\"added\": {}}]"}}, {"model": "admin.logentry", "pk": 20, "fields": {"action_time": "2018-05-21T13:11:48.413Z", "user": 1, "content_type": 7, "object_id": "3", "object_repr": "Honda CR-V 2.0 Wymiana oleju silnikowego", "action_flag": 1, "change_message": "[{\"added\": {}}]"}}, {"model": "admin.logentry", "pk": 21, "fields": {"action_time": "2018-05-21T13:15:02.464Z", "user": 1, "content_type": 9, "object_id": "3", "object_repr": "Honda CR-V 2.0 Naprawa mechaniczna", "action_flag": 1, "change_message": "[{\"added\": {}}]"}}, {"model": "admin.logentry", "pk": 22, "fields": {"action_time": "2018-05-21T13:15:33.847Z", "user": 1, "content_type": 12, "object_id": "4", "object_repr": "140000", "action_flag": 1, "change_message": "[{\"added\": {}}]"}}, {"model": "admin.logentry", "pk": 23, "fields": {"action_time": "2018-05-21T13:16:48.533Z", "user": 1, "content_type": 7, "object_id": "4", "object_repr": "Honda CR-V 2.0 Naprawa mechaniczna", "action_flag": 1, "change_message": "[{\"added\": {}}]"}}, {"model": "admin.logentry", "pk": 24, "fields": {"action_time": "2018-05-21T13:19:26.867Z", "user": 1, "content_type": 7, "object_id": "2", "object_repr": "Honda CR-V 2.0 Wymiana \u015bwiec zap\u0142onowych", "action_flag": 3, "change_message": ""}}, {"model": "admin.logentry", "pk": 25, "fields": {"action_time": "2018-05-21T13:19:46.366Z", "user": 1, "content_type": 7, "object_id": "1", "object_repr": "Honda CR-V 2.0 Wymiana oleju silnikowego", "action_flag": 3, "change_message": ""}}, {"model": "admin.logentry", "pk": 26, "fields": {"action_time": "2018-05-21T13:21:21.839Z", "user": 1, "content_type": 12, "object_id": "5", "object_repr": "144000", "action_flag": 1, "change_message": "[{\"added\": {}}]"}}, {"model": "admin.logentry", "pk": 27, "fields": {"action_time": "2018-05-21T13:21:49.775Z", "user": 1, "content_type": 7, "object_id": "5", "object_repr": "Honda CR-V 2.0 Naprawa mechaniczna", "action_flag": 1, "change_message": "[{\"added\": {}}]"}}, {"model": "admin.logentry", "pk": 28, "fields": {"action_time": "2018-05-21T13:23:27.654Z", "user": 1, "content_type": 7, "object_id": "5", "object_repr": "Honda CR-V 2.0 Naprawa mechaniczna", "action_flag": 2, "change_message": "[{\"changed\": {\"fields\": [\"cost\"]}}]"}}, {"model": "admin.logentry", "pk": 29, "fields": {"action_time": "2018-05-21T13:23:31.745Z", "user": 1, "content_type": 7, "object_id": "5", "object_repr": "Honda CR-V 2.0 Naprawa mechaniczna", "action_flag": 2, "change_message": "[]"}}, {"model": "admin.logentry", "pk": 30, "fields": {"action_time": "2018-05-21T13:23:43.154Z", "user": 1, "content_type": 7, "object_id": "4", "object_repr": "Honda CR-V 2.0 Naprawa mechaniczna", "action_flag": 2, "change_message": "[{\"changed\": {\"fields\": [\"cost\"]}}]"}}, {"model": "admin.logentry", "pk": 31, "fields": {"action_time": "2018-05-21T13:23:54.054Z", "user": 1, "content_type": 7, "object_id": "3", "object_repr": "Honda CR-V 2.0 Wymiana oleju silnikowego", "action_flag": 2, "change_message": "[{\"changed\": {\"fields\": [\"cost\"]}}]"}}, {"model": "admin.logentry", "pk": 32, "fields": {"action_time": "2018-05-21T13:25:06.479Z", "user": 1, "content_type": 12, "object_id": "6", "object_repr": "152000", "action_flag": 1, "change_message": "[{\"added\": {}}]"}}, {"model": "admin.logentry", "pk": 33, "fields": {"action_time": "2018-05-21T13:26:12.802Z", "user": 1, "content_type": 7, "object_id": "6", "object_repr": "Honda CR-V 2.0 Wymiana oleju silnikowego", "action_flag": 1, "change_message": "[{\"added\": {}}]"}}, {"model": "admin.logentry", "pk": 34, "fields": {"action_time": "2018-05-21T13:26:49.863Z", "user": 1, "content_type": 7, "object_id": "7", "object_repr": "Honda CR-V 2.0 Naprawa mechaniczna", "action_flag": 1, "change_message": "[{\"added\": {}}]"}}, {"model": "admin.logentry", "pk": 35, "fields": {"action_time": "2018-05-21T13:27:40.222Z", "user": 1, "content_type": 12, "object_id": "7", "object_repr": "157000", "action_flag": 1, "change_message": "[{\"added\": {}}]"}}, {"model": "admin.logentry", "pk": 36, "fields": {"action_time": "2018-05-21T13:27:43.950Z", "user": 1, "content_type": 12, "object_id": "7", "object_repr": "157000", "action_flag": 2, "change_message": "[]"}}, {"model": "admin.logentry", "pk": 37, "fields": {"action_time": "2018-05-21T13:28:45.559Z", "user": 1, "content_type": 7, "object_id": "8", "object_repr": "Honda CR-V 2.0 Naprawa mechaniczna", "action_flag": 1, "change_message": "[{\"added\": {}}]"}}, {"model": "admin.logentry", "pk": 38, "fields": {"action_time": "2018-05-21T13:29:56.861Z", "user": 1, "content_type": 7, "object_id": "9", "object_repr": "Honda CR-V 2.0 Naprawa mechaniczna", "action_flag": 1, "change_message": "[{\"added\": {}}]"}}, {"model": "admin.logentry", "pk": 39, "fields": {"action_time": "2018-05-21T13:30:16.616Z", "user": 1, "content_type": 7, "object_id": "9", "object_repr": "Honda CR-V 2.0 Naprawa mechaniczna", "action_flag": 2, "change_message": "[{\"changed\": {\"fields\": [\"comment\", \"cost\"]}}]"}}, {"model": "admin.logentry", "pk": 40, "fields": {"action_time": "2018-05-21T13:37:45.672Z", "user": 1, "content_type": 12, "object_id": "1", "object_repr": "150000", "action_flag": 3, "change_message": ""}}, {"model": "admin.logentry", "pk": 41, "fields": {"action_time": "2018-05-21T13:40:13.815Z", "user": 1, "content_type": 12, "object_id": "7", "object_repr": "157000", "action_flag": 2, "change_message": "[]"}}, {"model": "admin.logentry", "pk": 42, "fields": {"action_time": "2018-05-21T13:40:22.404Z", "user": 1, "content_type": 12, "object_id": "8", "object_repr": "161000", "action_flag": 1, "change_message": "[{\"added\": {}}]"}}, {"model": "admin.logentry", "pk": 43, "fields": {"action_time": "2018-05-22T10:55:04.469Z", "user": 1, "content_type": 8, "object_id": "6", "object_repr": "Wymiana filtra paliwa", "action_flag": 1, "change_message": "[{\"added\": {}}]"}}, {"model": "admin.logentry", "pk": 44, "fields": {"action_time": "2018-05-22T10:55:18.002Z", "user": 1, "content_type": 9, "object_id": "4", "object_repr": "Honda CR-V 2.0 Wymiana filtra paliwa", "action_flag": 1, "change_message": "[{\"added\": {}}]"}}, {"model": "admin.logentry", "pk": 45, "fields": {"action_time": "2018-05-22T10:55:56.869Z", "user": 1, "content_type": 8, "object_id": "7", "object_repr": "Wymiana oleju skrzyni manualnej", "action_flag": 1, "change_message": "[{\"added\": {}}]"}}, {"model": "admin.logentry", "pk": 46, "fields": {"action_time": "2018-05-22T10:56:03.840Z", "user": 1, "content_type": 9, "object_id": "5", "object_repr": "Honda CR-V 2.0 Wymiana oleju skrzyni manualnej", "action_flag": 1, "change_message": "[{\"added\": {}}]"}}, {"model": "admin.logentry", "pk": 47, "fields": {"action_time": "2018-05-22T10:56:32.216Z", "user": 1, "content_type": 8, "object_id": "8", "object_repr": "Wymiana p\u0142ynu hamulcowego", "action_flag": 1, "change_message": "[{\"added\": {}}]"}}, {"model": "admin.logentry", "pk": 48, "fields": {"action_time": "2018-05-22T10:56:54.937Z", "user": 1, "content_type": 9, "object_id": "6", "object_repr": "Honda CR-V 2.0 Wymiana p\u0142ynu hamulcowego", "action_flag": 1, "change_message": "[{\"added\": {}}]"}}, {"model": "admin.logentry", "pk": 49, "fields": {"action_time": "2018-05-22T10:57:24.999Z", "user": 1, "content_type": 8, "object_id": "9", "object_repr": "Wymiana p\u0142yny w tlnym mo\u015bcie", "action_flag": 1, "change_message": "[{\"added\": {}}]"}}, {"model": "admin.logentry", "pk": 50, "fields": {"action_time": "2018-05-22T10:58:04.319Z", "user": 1, "content_type": 9, "object_id": "7", "object_repr": "Honda CR-V 2.0 Wymiana p\u0142yny w tlnym mo\u015bcie", "action_flag": 1, "change_message": "[{\"added\": {}}]"}}, {"model": "admin.logentry", "pk": 51, "fields": {"action_time": "2018-05-22T11:02:51.872Z", "user": 1, "content_type": 9, "object_id": "2", "object_repr": "Honda CR-V 2.0 Wymiana \u015bwiec zap\u0142onowych", "action_flag": 2, "change_message": "[{\"changed\": {\"fields\": [\"action_milage_period\"]}}]"}}, {"model": "admin.logentry", "pk": 52, "fields": {"action_time": "2018-05-22T11:05:54.371Z", "user": 1, "content_type": 8, "object_id": "10", "object_repr": "Wymiana paska klinowego", "action_flag": 1, "change_message": "[{\"added\": {}}]"}}, {"model": "admin.logentry", "pk": 53, "fields": {"action_time": "2018-05-22T11:05:59.930Z", "user": 1, "content_type": 9, "object_id": "8", "object_repr": "Honda CR-V 2.0 Wymiana paska klinowego", "action_flag": 1, "change_message": "[{\"added\": {}}]"}}, {"model": "admin.logentry", "pk": 54, "fields": {"action_time": "2018-05-22T11:07:11.782Z", "user": 1, "content_type": 9, "object_id": "9", "object_repr": "Honda CR-V 2.0 Regulacja luzu zaworowego", "action_flag": 1, "change_message": "[{\"added\": {}}]"}}, {"model": "admin.logentry", "pk": 55, "fields": {"action_time": "2018-05-22T11:11:39.236Z", "user": 1, "content_type": 12, "object_id": "9", "object_repr": "120000", "action_flag": 1, "change_message": "[{\"added\": {}}]"}}, {"model": "admin.logentry", "pk": 56, "fields": {"action_time": "2018-05-22T11:11:53.858Z", "user": 1, "content_type": 7, "object_id": "10", "object_repr": "Honda CR-V 2.0 Wymiana filtra paliwa", "action_flag": 1, "change_message": "[{\"added\": {}}]"}}, {"model": "admin.logentry", "pk": 57, "fields": {"action_time": "2018-05-22T11:12:54.860Z", "user": 1, "content_type": 7, "object_id": "11", "object_repr": "Honda CR-V 2.0 Wymiana oleju skrzyni manualnej", "action_flag": 1, "change_message": "[{\"added\": {}}]"}}, {"model": "admin.logentry", "pk": 58, "fields": {"action_time": "2018-05-22T11:13:27.958Z", "user": 1, "content_type": 7, "object_id": "12", "object_repr": "Honda CR-V 2.0 Wymiana p\u0142ynu hamulcowego", "action_flag": 1, "change_message": "[{\"added\": {}}]"}}, {"model": "admin.logentry", "pk": 59, "fields": {"action_time": "2018-05-22T11:14:21.885Z", "user": 1, "content_type": 7, "object_id": "13", "object_repr": "Honda CR-V 2.0 Wymiana p\u0142yny w tlnym mo\u015bcie", "action_flag": 1, "change_message": "[{\"added\": {}}]"}}, {"model": "admin.logentry", "pk": 60, "fields": {"action_time": "2018-05-22T11:14:50.718Z", "user": 1, "content_type": 7, "object_id": "14", "object_repr": "Honda CR-V 2.0 Wymiana \u015bwiec zap\u0142onowych", "action_flag": 1, "change_message": "[{\"added\": {}}]"}}, {"model": "admin.logentry", "pk": 61, "fields": {"action_time": "2018-05-22T11:16:29.670Z", "user": 1, "content_type": 7, "object_id": "15", "object_repr": "Honda CR-V 2.0 Regulacja luzu zaworowego", "action_flag": 1, "change_message": "[{\"added\": {}}]"}}, {"model": "admin.logentry", "pk": 62, "fields": {"action_time": "2018-05-22T11:16:53.241Z", "user": 1, "content_type": 7, "object_id": "6", "object_repr": "Honda CR-V 2.0 Wymiana oleju silnikowego", "action_flag": 2, "change_message": "[]"}}, {"model": "admin.logentry", "pk": 63, "fields": {"action_time": "2018-05-22T11:17:24.985Z", "user": 1, "content_type": 7, "object_id": "16", "object_repr": "Honda CR-V 2.0 Wymiana oleju silnikowego", "action_flag": 1, "change_message": "[{\"added\": {}}]"}}, {"model": "admin.logentry", "pk": 64, "fields": {"action_time": "2018-05-22T11:19:38.185Z", "user": 1, "content_type": 7, "object_id": "17", "object_repr": "Honda CR-V 2.0 Wymiana p\u0142ynu hamulcowego", "action_flag": 1, "change_message": "[{\"added\": {}}]"}}, {"model": "admin.logentry", "pk": 65, "fields": {"action_time": "2018-05-22T11:22:24.839Z", "user": 1, "content_type": 8, "object_id": "9", "object_repr": "Wymiana p\u0142ynu w tylnym mechanizmie r\u00f3\u017anicowym", "action_flag": 2, "change_message": "[{\"changed\": {\"fields\": [\"title\"]}}]"}}, {"model": "admin.logentry", "pk": 66, "fields": {"action_time": "2018-05-22T11:22:28.503Z", "user": 1, "content_type": 9, "object_id": "7", "object_repr": "Honda CR-V 2.0 Wymiana p\u0142ynu w tylnym mechanizmie r\u00f3\u017anicowym", "action_flag": 2, "change_message": "[]"}}, {"model": "admin.logentry", "pk": 67, "fields": {"action_time": "2018-05-22T11:23:31.269Z", "user": 1, "content_type": 9, "object_id": "10", "object_repr": "Honda CR-V 2.0 Ubezpieczenie pojazdu", "action_flag": 1, "change_message": "[{\"added\": {}}]"}}, {"model": "admin.logentry", "pk": 68, "fields": {"action_time": "2018-05-22T11:24:24.156Z", "user": 1, "content_type": 9, "object_id": "11", "object_repr": "Honda CR-V 2.0 Przegl\u0105d techniczny pojazdu", "action_flag": 1, "change_message": "[{\"added\": {}}]"}}, {"model": "admin.logentry", "pk": 69, "fields": {"action_time": "2018-05-22T11:26:16.150Z", "user": 1, "content_type": 12, "object_id": "8", "object_repr": "161800", "action_flag": 2, "change_message": "[{\"changed\": {\"fields\": [\"milage\"]}}]"}}, {"model": "admin.logentry", "pk": 70, "fields": {"action_time": "2018-05-23T10:12:20.854Z", "user": 1, "content_type": 8, "object_id": "11", "object_repr": "Wymiana p\u0142ynu ch\u0142odniczego", "action_flag": 1, "change_message": "[{\"added\": {}}]"}}, {"model": "admin.logentry", "pk": 71, "fields": {"action_time": "2018-05-23T10:12:43.166Z", "user": 1, "content_type": 9, "object_id": "12", "object_repr": "Honda CR-V 2.0 Wymiana p\u0142ynu ch\u0142odniczego", "action_flag": 1, "change_message": "[{\"added\": {}}]"}}, {"model": "admin.logentry", "pk": 72, "fields": {"action_time": "2018-05-23T10:36:53.882Z", "user": 1, "content_type": 9, "object_id": "7", "object_repr": "Honda CR-V 2.0 Wymiana p\u0142ynu w tylnym mechanizmie r\u00f3\u017anicowym", "action_flag": 2, "change_message": "[{\"changed\": {\"fields\": [\"desc\", \"action_milage_period\"]}}]"}}, {"model": "admin.logentry", "pk": 73, "fields": {"action_time": "2018-05-23T10:38:35.008Z", "user": 1, "content_type": 9, "object_id": "5", "object_repr": "Honda CR-V 2.0 Wymiana oleju skrzyni manualnej", "action_flag": 2, "change_message": "[{\"changed\": {\"fields\": [\"desc\", \"action_milage_period\"]}}]"}}, {"model": "admin.logentry", "pk": 74, "fields": {"action_time": "2018-05-23T10:40:13.050Z", "user": 1, "content_type": 9, "object_id": "5", "object_repr": "Honda CR-V 2.0 Wymiana oleju skrzyni manualnej", "action_flag": 2, "change_message": "[{\"changed\": {\"fields\": [\"desc\", \"action_milage_period\"]}}]"}}, {"model": "admin.logentry", "pk": 75, "fields": {"action_time": "2018-05-23T10:40:51.218Z", "user": 1, "content_type": 9, "object_id": "4", "object_repr": "Honda CR-V 2.0 Wymiana filtra paliwa", "action_flag": 2, "change_message": "[{\"changed\": {\"fields\": [\"action_milage_period\"]}}]"}}, {"model": "admin.logentry", "pk": 76, "fields": {"action_time": "2018-05-23T10:47:52.411Z", "user": 1, "content_type": 9, "object_id": "2", "object_repr": "Honda CR-V 2.0 Wymiana \u015bwiec zap\u0142onowych", "action_flag": 2, "change_message": "[{\"changed\": {\"fields\": [\"product\", \"product_quantity\"]}}]"}}, {"model": "admin.logentry", "pk": 77, "fields": {"action_time": "2018-05-23T10:49:46.831Z", "user": 1, "content_type": 9, "object_id": "12", "object_repr": "Honda CR-V 2.0 Wymiana p\u0142ynu ch\u0142odniczego", "action_flag": 2, "change_message": "[{\"changed\": {\"fields\": [\"product_quantity\"]}}]"}}, {"model": "admin.logentry", "pk": 78, "fields": {"action_time": "2018-05-23T10:51:31.797Z", "user": 1, "content_type": 9, "object_id": "1", "object_repr": "Honda CR-V 2.0 Wymiana oleju silnikowego", "action_flag": 2, "change_message": "[{\"changed\": {\"fields\": [\"product\", \"product_quantity\"]}}]"}}, {"model": "admin.logentry", "pk": 79, "fields": {"action_time": "2018-05-23T10:52:22.428Z", "user": 1, "content_type": 9, "object_id": "5", "object_repr": "Honda CR-V 2.0 Wymiana oleju skrzyni manualnej", "action_flag": 2, "change_message": "[{\"changed\": {\"fields\": [\"product\", \"product_quantity\"]}}]"}}, {"model": "admin.logentry", "pk": 80, "fields": {"action_time": "2018-05-23T10:54:31.791Z", "user": 1, "content_type": 9, "object_id": "7", "object_repr": "Honda CR-V 2.0 Wymiana p\u0142ynu w tylnym mechanizmie r\u00f3\u017anicowym", "action_flag": 2, "change_message": "[{\"changed\": {\"fields\": [\"product\", \"product_quantity\"]}}]"}}, {"model": "admin.logentry", "pk": 81, "fields": {"action_time": "2018-05-23T11:03:34.302Z", "user": 1, "content_type": 7, "object_id": "17", "object_repr": "Honda CR-V 2.0 Wymiana p\u0142ynu hamulcowego", "action_flag": 2, "change_message": "[{\"changed\": {\"fields\": [\"comment\", \"product\"]}}]"}}, {"model": "admin.logentry", "pk": 82, "fields": {"action_time": "2018-05-23T11:03:44.090Z", "user": 1, "content_type": 7, "object_id": "16", "object_repr": "Honda CR-V 2.0 Wymiana oleju silnikowego", "action_flag": 2, "change_message": "[{\"changed\": {\"fields\": [\"comment\", \"product\"]}}]"}}, {"model": "admin.logentry", "pk": 83, "fields": {"action_time": "2018-05-23T11:04:06.481Z", "user": 1, "content_type": 7, "object_id": "13", "object_repr": "Honda CR-V 2.0 Wymiana p\u0142ynu w tylnym mechanizmie r\u00f3\u017anicowym", "action_flag": 2, "change_message": "[{\"changed\": {\"fields\": [\"comment\", \"product\"]}}]"}}, {"model": "admin.logentry", "pk": 84, "fields": {"action_time": "2018-05-23T11:04:17.024Z", "user": 1, "content_type": 7, "object_id": "12", "object_repr": "Honda CR-V 2.0 Wymiana p\u0142ynu hamulcowego", "action_flag": 2, "change_message": "[{\"changed\": {\"fields\": [\"comment\", \"product\"]}}]"}}, {"model": "admin.logentry", "pk": 85, "fields": {"action_time": "2018-05-23T11:04:22.352Z", "user": 1, "content_type": 7, "object_id": "11", "object_repr": "Honda CR-V 2.0 Wymiana oleju skrzyni manualnej", "action_flag": 2, "change_message": "[{\"changed\": {\"fields\": [\"comment\", \"product\"]}}]"}}, {"model": "admin.logentry", "pk": 86, "fields": {"action_time": "2018-05-23T11:04:25.913Z", "user": 1, "content_type": 7, "object_id": "10", "object_repr": "Honda CR-V 2.0 Wymiana filtra paliwa", "action_flag": 2, "change_message": "[]"}}, {"model": "admin.logentry", "pk": 87, "fields": {"action_time": "2018-05-23T11:04:41.966Z", "user": 1, "content_type": 7, "object_id": "8", "object_repr": "Honda CR-V 2.0 Naprawa mechaniczna", "action_flag": 2, "change_message": "[{\"changed\": {\"fields\": [\"comment\", \"product\"]}}]"}}, {"model": "admin.logentry", "pk": 88, "fields": {"action_time": "2018-05-23T11:04:53.443Z", "user": 1, "content_type": 7, "object_id": "7", "object_repr": "Honda CR-V 2.0 Naprawa mechaniczna", "action_flag": 2, "change_message": "[]"}}, {"model": "admin.logentry", "pk": 89, "fields": {"action_time": "2018-05-23T11:05:05.517Z", "user": 1, "content_type": 7, "object_id": "6", "object_repr": "Honda CR-V 2.0 Wymiana oleju silnikowego", "action_flag": 2, "change_message": "[{\"changed\": {\"fields\": [\"comment\", \"product\"]}}]"}}, {"model": "admin.logentry", "pk": 90, "fields": {"action_time": "2018-05-23T11:05:11.586Z", "user": 1, "content_type": 7, "object_id": "5", "object_repr": "Honda CR-V 2.0 Naprawa mechaniczna", "action_flag": 2, "change_message": "[{\"changed\": {\"fields\": [\"product\"]}}]"}}, {"model": "admin.logentry", "pk": 91, "fields": {"action_time": "2018-05-23T11:05:18.795Z", "user": 1, "content_type": 7, "object_id": "4", "object_repr": "Honda CR-V 2.0 Naprawa mechaniczna", "action_flag": 2, "change_message": "[{\"changed\": {\"fields\": [\"product\"]}}]"}}, {"model": "admin.logentry", "pk": 92, "fields": {"action_time": "2018-05-23T11:05:28.844Z", "user": 1, "content_type": 7, "object_id": "3", "object_repr": "Honda CR-V 2.0 Wymiana oleju silnikowego", "action_flag": 2, "change_message": "[{\"changed\": {\"fields\": [\"comment\", \"product\"]}}]"}}, {"model": "admin.logentry", "pk": 93, "fields": {"action_time": "2018-05-23T12:31:12.196Z", "user": 1, "content_type": 9, "object_id": "12", "object_repr": "Honda CR-V 2.0 Wymiana p\u0142ynu ch\u0142odniczego", "action_flag": 2, "change_message": "[{\"changed\": {\"fields\": [\"desc\", \"action_milage_period\"]}}]"}}, {"model": "admin.logentry", "pk": 94, "fields": {"action_time": "2018-05-23T12:33:35.025Z", "user": 1, "content_type": 9, "object_id": "12", "object_repr": "Honda CR-V 2.0 Wymiana p\u0142ynu ch\u0142odniczego", "action_flag": 2, "change_message": "[{\"changed\": {\"fields\": [\"desc\", \"action_milage_period\", \"action_days_period\"]}}]"}}, {"model": "admin.logentry", "pk": 95, "fields": {"action_time": "2018-05-23T12:34:12.795Z", "user": 1, "content_type": 9, "object_id": "12", "object_repr": "Honda CR-V 2.0 Wymiana p\u0142ynu ch\u0142odniczego", "action_flag": 2, "change_message": "[{\"changed\": {\"fields\": [\"action_milage_period\"]}}]"}}, {"model": "admin.logentry", "pk": 96, "fields": {"action_time": "2018-05-24T09:18:47.868Z", "user": 1, "content_type": 10, "object_id": "3", "object_repr": "Honda Civic 1.4", "action_flag": 2, "change_message": "[{\"changed\": {\"fields\": [\"pic\", \"reg_no\"]}}]"}}, {"model": "admin.logentry", "pk": 97, "fields": {"action_time": "2018-05-24T09:20:10.476Z", "user": 1, "content_type": 10, "object_id": "2", "object_repr": "Toyota Rav4 2.2", "action_flag": 2, "change_message": "[{\"changed\": {\"fields\": [\"pic\"]}}]"}}, {"model": "admin.logentry", "pk": 98, "fields": {"action_time": "2018-05-24T09:24:56.068Z", "user": 1, "content_type": 10, "object_id": "1", "object_repr": "Honda CR-V 2.0", "action_flag": 2, "change_message": "[{\"changed\": {\"fields\": [\"pic\"]}}]"}}, {"model": "admin.logentry", "pk": 99, "fields": {"action_time": "2018-05-25T10:37:59.647Z", "user": 1, "content_type": 9, "object_id": "2", "object_repr": "Honda CR-V 2.0 Wymiana \u015bwiec zap\u0142onowych", "action_flag": 2, "change_message": "[{\"changed\": {\"fields\": [\"desc\", \"action_milage_period\"]}}]"}}, {"model": "admin.logentry", "pk": 100, "fields": {"action_time": "2018-05-25T10:39:43.684Z", "user": 1, "content_type": 8, "object_id": "9", "object_repr": "Wymiana p\u0142ynu w tylnym mechanizmie r\u00f3\u017cnicowym", "action_flag": 2, "change_message": "[{\"changed\": {\"fields\": [\"title\"]}}]"}}, {"model": "admin.logentry", "pk": 101, "fields": {"action_time": "2018-05-25T10:39:48.066Z", "user": 1, "content_type": 9, "object_id": "7", "object_repr": "Honda CR-V 2.0 Wymiana p\u0142ynu w tylnym mechanizmie r\u00f3\u017cnicowym", "action_flag": 2, "change_message": "[{\"changed\": {\"fields\": [\"action_milage_period\"]}}]"}}, {"model": "admin.logentry", "pk": 102, "fields": {"action_time": "2018-05-28T13:52:32.836Z", "user": 1, "content_type": 10, "object_id": "1", "object_repr": "Honda CR-V 2.0", "action_flag": 2, "change_message": "[{\"changed\": {\"fields\": [\"reg_no\", \"engine_model\", \"VIN\", \"power\", \"torque\", \"engine_capacity\"]}}]"}}, {"model": "admin.logentry", "pk": 103, "fields": {"action_time": "2018-05-28T15:53:18.018Z", "user": 1, "content_type": 11, "object_id": "2", "object_repr": " Bartosz Dempc", "action_flag": 1, "change_message": "[{\"added\": {}}]"}}]